keyword,day,interest
social battery,0,30.9
social battery,1,36.6
social battery,2,37.8
social battery,3,30.0
social battery,4,33.0
social battery,5,38.5
social battery,6,38.5
social battery,7,40.7
social battery,8,39.5
social battery,9,45.8
social battery,10,46.5
social battery,11,45.2
social battery,12,48.9
social battery,13,47.1
social battery,14,43.1
social battery,15,46.4
social battery,16,41.8
social battery,17,46.4
social battery,18,42.5
social battery,19,40.8
social battery,20,38.0
social battery,21,42.4
social battery,22,36.9
social battery,23,34.9
social battery,24,34.1
social battery,25,35.9
social battery,26,34.8
social battery,27,34.7
social battery,28,34.8
social battery,29,40.3
social battery,30,33.2
social battery,31,33.8
social battery,32,33.9
social battery,33,39.4
social battery,34,42.2
social battery,35,39.8
social battery,36,38.9
social battery,37,40.2
social battery,38,45.6
social battery,39,46.6
social battery,40,46.6
social battery,41,43.2
social battery,42,45.8
social battery,43,45.1
social battery,44,44.7
social battery,45,45.8
social battery,46,42.8
social battery,47,42.9
social battery,48,39.7
social battery,49,39.0
social battery,50,38.7
social battery,51,31.2
social battery,52,33.6
social battery,53,32.3
social battery,54,31.3
social battery,55,32.1
social battery,56,37.4
social battery,57,30.7
social battery,58,36.8
social battery,59,29.7
social battery,60,34.8
social battery,61,37.5
social battery,62,40.1
social battery,63,41.8
social battery,64,43.3
social battery,65,41.0
social battery,66,41.7
social battery,67,46.4
social battery,68,43.8
social battery,69,40.8
social battery,70,41.1
social battery,71,41.4
social battery,72,45.0
social battery,73,43.1
social battery,74,43.6
social battery,75,39.0
social battery,76,39.4
social battery,77,39.5
social battery,78,35.3
social battery,79,36.4
social battery,80,32.0
social battery,81,32.1
social battery,82,31.5
social battery,83,28.8
social battery,84,33.8
social battery,85,31.3
social battery,86,33.4
social battery,87,35.6
social battery,88,36.6
social battery,89,38.4
social battery,90,37.4
social battery,91,37.8
social battery,92,40.1
social battery,93,36.5
social battery,94,38.2
social battery,95,39.3
social battery,96,40.8
social battery,97,45.2
social battery,98,41.3
social battery,99,42.5
social battery,100,46.9
social battery,101,41.0
social battery,102,43.2
social battery,103,36.9
social battery,104,37.8
social battery,105,34.2
social battery,106,34.7
social battery,107,37.0
social battery,108,28.3
social battery,109,33.9
social battery,110,32.8
social battery,111,30.0
social battery,112,27.5
social battery,113,32.4
social battery,114,31.2
social battery,115,34.3
social battery,116,34.7
social battery,117,40.7
social battery,118,36.5
social battery,119,35.4
social battery,120,40.3
social battery,121,41.6
social battery,122,46.0
social battery,123,45.2
social battery,124,44.3
social battery,125,47.9
social battery,126,39.8
social battery,127,41.1
social battery,128,39.6
social battery,129,40.3
social battery,130,36.3
social battery,131,41.1
social battery,132,37.2
social battery,133,32.0
social battery,134,32.1
social battery,135,34.9
social battery,136,35.4
social battery,137,38.1
social battery,138,40.3
social battery,139,32.5
social battery,140,28.3
social battery,141,25.2
social battery,142,33.0
social battery,143,30.6
social battery,144,32.9
social battery,145,33.5
social battery,146,36.2
social battery,147,41.1
social battery,148,39.7
social battery,149,39.9
social battery,150,38.3
social battery,151,37.1
social battery,152,41.2
social battery,153,42.8
social battery,154,48.2
social battery,155,42.9
social battery,156,44.8
social battery,157,39.4
social battery,158,36.3
social battery,159,35.7
social battery,160,35.1
social battery,161,42.3
social battery,162,32.1
social battery,163,35.9
social battery,164,29.6
social battery,165,34.3
social battery,166,32.1
social battery,167,30.2
social battery,168,30.6
social battery,169,29.1
social battery,170,33.0
social battery,171,31.1
social battery,172,29.9
social battery,173,30.9
social battery,174,36.6
social battery,175,42.1
social battery,176,39.1
social battery,177,39.5
social battery,178,41.7
social battery,179,45.5
situationship,0,51.8
situationship,1,56.6
situationship,2,55.1
situationship,3,59.2
situationship,4,56.0
situationship,5,52.8
situationship,6,53.5
situationship,7,63.7
situationship,8,65.0
situationship,9,60.3
situationship,10,60.6
situationship,11,66.8
situationship,12,59.6
situationship,13,60.4
situationship,14,65.0
situationship,15,61.6
situationship,16,62.3
situationship,17,61.1
situationship,18,61.8
situationship,19,64.0
situationship,20,58.9
situationship,21,59.5
situationship,22,50.3
situationship,23,55.3
situationship,24,52.1
situationship,25,50.3
situationship,26,50.9
situationship,27,52.3
situationship,28,56.1
situationship,29,49.6
situationship,30,54.2
situationship,31,53.4
situationship,32,54.8
situationship,33,59.8
situationship,34,59.5
situationship,35,63.0
situationship,36,59.7
situationship,37,59.0
situationship,38,61.3
situationship,39,63.4
situationship,40,63.7
situationship,41,60.1
situationship,42,63.6
situationship,43,63.8
situationship,44,70.2
situationship,45,67.5
situationship,46,58.5
situationship,47,59.1
situationship,48,54.5
situationship,49,56.0
situationship,50,57.7
situationship,51,59.4
situationship,52,52.7
situationship,53,52.3
situationship,54,47.3
situationship,55,53.1
situationship,56,50.4
situationship,57,52.3
situationship,58,51.8
situationship,59,54.9
situationship,60,50.8
situationship,61,52.7
situationship,62,64.6
situationship,63,55.4
situationship,64,57.1
situationship,65,66.9
situationship,66,71.0
situationship,67,59.5
situationship,68,62.3
situationship,69,64.7
situationship,70,68.8
situationship,71,60.4
situationship,72,62.2
situationship,73,64.5
situationship,74,62.6
situationship,75,59.2
situationship,76,58.8
situationship,77,54.0
situationship,78,56.3
situationship,79,55.2
situationship,80,55.9
situationship,81,52.8
situationship,82,55.5
situationship,83,56.9
situationship,84,54.4
situationship,85,55.2
situationship,86,54.8
situationship,87,55.4
situationship,88,54.2
situationship,89,58.3
situationship,90,58.2
situationship,91,65.9
situationship,92,65.4
situationship,93,62.8
situationship,94,60.3
situationship,95,59.9
situationship,96,67.3
situationship,97,64.7
situationship,98,65.4
situationship,99,58.4
situationship,100,66.0
situationship,101,63.8
situationship,102,58.2
situationship,103,59.2
situationship,104,60.3
situationship,105,58.5
situationship,106,56.4
situationship,107,56.0
situationship,108,54.7
situationship,109,55.3
situationship,110,58.8
situationship,111,46.4
situationship,112,53.5
situationship,113,55.0
situationship,114,55.9
situationship,115,54.6
situationship,116,51.3
situationship,117,58.6
situationship,118,63.9
situationship,119,55.3
situationship,120,63.6
situationship,121,61.0
situationship,122,62.7
situationship,123,60.4
situationship,124,63.0
situationship,125,68.1
situationship,126,66.0
situationship,127,69.1
situationship,128,67.0
situationship,129,64.1
situationship,130,67.1
situationship,131,62.2
situationship,132,62.2
situationship,133,57.8
situationship,134,57.8
situationship,135,54.5
situationship,136,58.7
situationship,137,51.5
situationship,138,57.0
situationship,139,53.8
situationship,140,58.0
situationship,141,57.0
situationship,142,60.7
situationship,143,58.2
situationship,144,52.2
situationship,145,57.7
situationship,146,55.5
situationship,147,58.6
situationship,148,65.8
situationship,149,64.2
situationship,150,61.0
situationship,151,60.8
situationship,152,64.4
situationship,153,60.9
situationship,154,62.5
situationship,155,65.2
situationship,156,67.2
situationship,157,64.8
situationship,158,55.3
situationship,159,62.0
situationship,160,60.3
situationship,161,60.2
situationship,162,62.7
situationship,163,50.7
situationship,164,54.2
situationship,165,57.1
situationship,166,50.2
situationship,167,59.1
situationship,168,55.8
situationship,169,57.6
situationship,170,53.8
situationship,171,58.7
situationship,172,60.4
situationship,173,58.9
situationship,174,60.0
situationship,175,61.2
situationship,176,58.9
situationship,177,62.1
situationship,178,62.9
situationship,179,65.2
oldest daughter syndrome,0,10.5
oldest daughter syndrome,1,13.3
oldest daughter syndrome,2,17.6
oldest daughter syndrome,3,13.5
oldest daughter syndrome,4,14.1
oldest daughter syndrome,5,17.0
oldest daughter syndrome,6,19.0
oldest daughter syndrome,7,17.6
oldest daughter syndrome,8,20.8
oldest daughter syndrome,9,20.0
oldest daughter syndrome,10,19.9
oldest daughter syndrome,11,19.2
oldest daughter syndrome,12,22.8
oldest daughter syndrome,13,16.9
oldest daughter syndrome,14,12.5
oldest daughter syndrome,15,19.9
oldest daughter syndrome,16,14.8
oldest daughter syndrome,17,15.5
oldest daughter syndrome,18,17.6
oldest daughter syndrome,19,10.8
oldest daughter syndrome,20,11.2
oldest daughter syndrome,21,10.2
oldest daughter syndrome,22,11.9
oldest daughter syndrome,23,14.7
oldest daughter syndrome,24,15.1
oldest daughter syndrome,25,15.0
oldest daughter syndrome,26,11.8
oldest daughter syndrome,27,10.4
oldest daughter syndrome,28,16.3
oldest daughter syndrome,29,15.9
oldest daughter syndrome,30,18.7
oldest daughter syndrome,31,20.1
oldest daughter syndrome,32,19.6
oldest daughter syndrome,33,21.6
oldest daughter syndrome,34,21.0
oldest daughter syndrome,35,22.1
oldest daughter syndrome,36,19.7
oldest daughter syndrome,37,21.0
oldest daughter syndrome,38,21.9
oldest daughter syndrome,39,23.1
oldest daughter syndrome,40,20.2
oldest daughter syndrome,41,21.8
oldest daughter syndrome,42,19.6
oldest daughter syndrome,43,19.4
oldest daughter syndrome,44,21.0
oldest daughter syndrome,45,14.2
oldest daughter syndrome,46,15.2
oldest daughter syndrome,47,14.4
oldest daughter syndrome,48,12.2
oldest daughter syndrome,49,15.6
oldest daughter syndrome,50,18.7
oldest daughter syndrome,51,16.5
oldest daughter syndrome,52,17.8
oldest daughter syndrome,53,20.1
oldest daughter syndrome,54,21.1
oldest daughter syndrome,55,18.7
oldest daughter syndrome,56,22.5
oldest daughter syndrome,57,20.5
oldest daughter syndrome,58,19.3
oldest daughter syndrome,59,20.6
oldest daughter syndrome,60,19.4
oldest daughter syndrome,61,21.3
oldest daughter syndrome,62,23.1
oldest daughter syndrome,63,26.1
oldest daughter syndrome,64,28.4
oldest daughter syndrome,65,21.8
oldest daughter syndrome,66,25.7
oldest daughter syndrome,67,22.4
oldest daughter syndrome,68,25.5
oldest daughter syndrome,69,23.8
oldest daughter syndrome,70,19.6
oldest daughter syndrome,71,25.1
oldest daughter syndrome,72,21.2
oldest daughter syndrome,73,20.8
oldest daughter syndrome,74,19.1
oldest daughter syndrome,75,19.6
oldest daughter syndrome,76,21.6
oldest daughter syndrome,77,20.1
oldest daughter syndrome,78,21.1
oldest daughter syndrome,79,21.3
oldest daughter syndrome,80,23.6
oldest daughter syndrome,81,20.3
oldest daughter syndrome,82,18.3
oldest daughter syndrome,83,24.5
oldest daughter syndrome,84,22.2
oldest daughter syndrome,85,26.1
oldest daughter syndrome,86,25.3
oldest daughter syndrome,87,24.9
oldest daughter syndrome,88,26.7
oldest daughter syndrome,89,30.9
oldest daughter syndrome,90,31.8
oldest daughter syndrome,91,27.8
oldest daughter syndrome,92,28.3
oldest daughter syndrome,93,30.5
oldest daughter syndrome,94,26.3
oldest daughter syndrome,95,28.8
oldest daughter syndrome,96,27.7
oldest daughter syndrome,97,28.1
oldest daughter syndrome,98,25.1
oldest daughter syndrome,99,22.9
oldest daughter syndrome,100,21.3
oldest daughter syndrome,101,22.9
oldest daughter syndrome,102,23.8
oldest daughter syndrome,103,23.7
oldest daughter syndrome,104,28.3
oldest daughter syndrome,105,26.3
oldest daughter syndrome,106,21.7
oldest daughter syndrome,107,24.6
oldest daughter syndrome,108,23.2
oldest daughter syndrome,109,23.8
oldest daughter syndrome,110,25.3
oldest daughter syndrome,111,26.9
oldest daughter syndrome,112,25.5
oldest daughter syndrome,113,29.4
oldest daughter syndrome,114,25.3
oldest daughter syndrome,115,28.6
oldest daughter syndrome,116,35.1
oldest daughter syndrome,117,30.5
oldest daughter syndrome,118,33.7
oldest daughter syndrome,119,31.2
oldest daughter syndrome,120,32.6
oldest daughter syndrome,121,31.4
oldest daughter syndrome,122,31.2
oldest daughter syndrome,123,29.7
oldest daughter syndrome,124,32.1
oldest daughter syndrome,125,28.9
oldest daughter syndrome,126,31.8
oldest daughter syndrome,127,32.2
oldest daughter syndrome,128,30.0
oldest daughter syndrome,129,28.1
oldest daughter syndrome,130,29.2
oldest daughter syndrome,131,27.1
oldest daughter syndrome,132,29.5
oldest daughter syndrome,133,23.2
oldest daughter syndrome,134,26.4
oldest daughter syndrome,135,22.8
oldest daughter syndrome,136,24.1
oldest daughter syndrome,137,30.8
oldest daughter syndrome,138,30.3
oldest daughter syndrome,139,27.3
oldest daughter syndrome,140,26.3
oldest daughter syndrome,141,23.9
oldest daughter syndrome,142,30.0
oldest daughter syndrome,143,37.3
oldest daughter syndrome,144,33.7
oldest daughter syndrome,145,32.1
oldest daughter syndrome,146,35.0
oldest daughter syndrome,147,31.0
oldest daughter syndrome,148,34.1
oldest daughter syndrome,149,35.1
oldest daughter syndrome,150,34.7
oldest daughter syndrome,151,36.5
oldest daughter syndrome,152,35.3
oldest daughter syndrome,153,35.6
oldest daughter syndrome,154,32.1
oldest daughter syndrome,155,35.1
oldest daughter syndrome,156,36.2
oldest daughter syndrome,157,29.9
oldest daughter syndrome,158,29.6
oldest daughter syndrome,159,34.0
oldest daughter syndrome,160,30.4
oldest daughter syndrome,161,33.7
oldest daughter syndrome,162,29.5
oldest daughter syndrome,163,33.8
oldest daughter syndrome,164,31.1
oldest daughter syndrome,165,31.7
oldest daughter syndrome,166,35.1
oldest daughter syndrome,167,31.5
oldest daughter syndrome,168,30.9
oldest daughter syndrome,169,32.8
oldest daughter syndrome,170,35.5
oldest daughter syndrome,171,31.9
oldest daughter syndrome,172,37.5
oldest daughter syndrome,173,35.5
oldest daughter syndrome,174,39.8
oldest daughter syndrome,175,32.5
oldest daughter syndrome,176,36.3
oldest daughter syndrome,177,34.5
oldest daughter syndrome,178,36.4
oldest daughter syndrome,179,38.7
money dysmorphia,0,8.9
money dysmorphia,1,8.9
money dysmorphia,2,9.6
money dysmorphia,3,7.3
money dysmorphia,4,10.9
money dysmorphia,5,11.1
money dysmorphia,6,10.9
money dysmorphia,7,11.6
money dysmorphia,8,11.6
money dysmorphia,9,15.6
money dysmorphia,10,11.9
money dysmorphia,11,12.0
money dysmorphia,12,11.6
money dysmorphia,13,11.5
money dysmorphia,14,11.5
money dysmorphia,15,12.6
money dysmorphia,16,14.4
money dysmorphia,17,15.4
money dysmorphia,18,14.8
money dysmorphia,19,13.1
money dysmorphia,20,16.3
money dysmorphia,21,15.8
money dysmorphia,22,13.7
money dysmorphia,23,12.4
money dysmorphia,24,14.4
money dysmorphia,25,13.4
money dysmorphia,26,9.8
money dysmorphia,27,12.3
money dysmorphia,28,12.7
money dysmorphia,29,10.3
money dysmorphia,30,12.4
money dysmorphia,31,9.2
money dysmorphia,32,14.9
money dysmorphia,33,15.0
money dysmorphia,34,12.4
money dysmorphia,35,14.0
money dysmorphia,36,9.0
money dysmorphia,37,12.0
money dysmorphia,38,14.3
money dysmorphia,39,13.3
money dysmorphia,40,17.4
money dysmorphia,41,20.4
money dysmorphia,42,14.5
money dysmorphia,43,15.5
money dysmorphia,44,17.8
money dysmorphia,45,20.7
money dysmorphia,46,15.1
money dysmorphia,47,18.0
money dysmorphia,48,21.0
money dysmorphia,49,13.8
money dysmorphia,50,14.2
money dysmorphia,51,15.6
money dysmorphia,52,15.1
money dysmorphia,53,17.4
money dysmorphia,54,15.9
money dysmorphia,55,11.6
money dysmorphia,56,16.0
money dysmorphia,57,13.7
money dysmorphia,58,17.4
money dysmorphia,59,13.6
money dysmorphia,60,13.8
money dysmorphia,61,16.4
money dysmorphia,62,17.2
money dysmorphia,63,17.0
money dysmorphia,64,13.2
money dysmorphia,65,18.2
money dysmorphia,66,15.6
money dysmorphia,67,18.7
money dysmorphia,68,15.9
money dysmorphia,69,20.1
money dysmorphia,70,18.0
money dysmorphia,71,17.4
money dysmorphia,72,21.6
money dysmorphia,73,20.8
money dysmorphia,74,19.1
money dysmorphia,75,23.2
money dysmorphia,76,19.2
money dysmorphia,77,20.0
money dysmorphia,78,20.1
money dysmorphia,79,18.0
money dysmorphia,80,19.9
money dysmorphia,81,17.5
money dysmorphia,82,17.4
money dysmorphia,83,20.7
money dysmorphia,84,15.7
money dysmorphia,85,12.8
money dysmorphia,86,20.9
money dysmorphia,87,22.8
money dysmorphia,88,17.1
money dysmorphia,89,14.3
money dysmorphia,90,17.9
money dysmorphia,91,18.3
money dysmorphia,92,19.0
money dysmorphia,93,17.7
money dysmorphia,94,21.6
money dysmorphia,95,22.1
money dysmorphia,96,18.5
money dysmorphia,97,23.4
money dysmorphia,98,26.5
money dysmorphia,99,23.1
money dysmorphia,100,22.3
money dysmorphia,101,22.8
money dysmorphia,102,24.4
money dysmorphia,103,19.6
money dysmorphia,104,23.2
money dysmorphia,105,21.9
money dysmorphia,106,26.1
money dysmorphia,107,21.7
money dysmorphia,108,25.1
money dysmorphia,109,19.2
money dysmorphia,110,22.2
money dysmorphia,111,21.4
money dysmorphia,112,18.9
money dysmorphia,113,20.8
money dysmorphia,114,22.9
money dysmorphia,115,19.9
money dysmorphia,116,17.3
money dysmorphia,117,20.9
money dysmorphia,118,19.5
money dysmorphia,119,21.0
money dysmorphia,120,22.0
money dysmorphia,121,19.3
money dysmorphia,122,20.0
money dysmorphia,123,24.8
money dysmorphia,124,23.3
money dysmorphia,125,19.7
money dysmorphia,126,26.8
money dysmorphia,127,26.1
money dysmorphia,128,24.3
money dysmorphia,129,23.3
money dysmorphia,130,27.6
money dysmorphia,131,26.6
money dysmorphia,132,30.5
money dysmorphia,133,26.3
money dysmorphia,134,26.0
money dysmorphia,135,24.5
money dysmorphia,136,26.2
money dysmorphia,137,25.4
money dysmorphia,138,26.4
money dysmorphia,139,22.6
money dysmorphia,140,22.5
money dysmorphia,141,22.3
money dysmorphia,142,24.8
money dysmorphia,143,26.3
money dysmorphia,144,22.6
money dysmorphia,145,22.9
money dysmorphia,146,24.7
money dysmorphia,147,24.0
money dysmorphia,148,26.9
money dysmorphia,149,21.0
money dysmorphia,150,24.4
money dysmorphia,151,25.1
money dysmorphia,152,22.5
money dysmorphia,153,25.7
money dysmorphia,154,26.2
money dysmorphia,155,27.9
money dysmorphia,156,30.8
money dysmorphia,157,28.2
money dysmorphia,158,26.7
money dysmorphia,159,28.6
money dysmorphia,160,30.6
money dysmorphia,161,26.3
money dysmorphia,162,26.2
money dysmorphia,163,28.8
money dysmorphia,164,26.9
money dysmorphia,165,28.3
money dysmorphia,166,26.6
money dysmorphia,167,27.8
money dysmorphia,168,24.1
money dysmorphia,169,26.0
money dysmorphia,170,25.6
money dysmorphia,171,23.7
money dysmorphia,172,23.1
money dysmorphia,173,27.9
money dysmorphia,174,26.2
money dysmorphia,175,25.3
money dysmorphia,176,27.6
money dysmorphia,177,30.6
money dysmorphia,178,24.3
money dysmorphia,179,26.4
bed rotting,0,70.0
bed rotting,1,66.0
bed rotting,2,67.2
bed rotting,3,61.7
bed rotting,4,62.3
bed rotting,5,67.8
bed rotting,6,67.8
bed rotting,7,70.6
bed rotting,8,69.8
bed rotting,9,72.8
bed rotting,10,73.9
bed rotting,11,77.2
bed rotting,12,78.6
bed rotting,13,72.3
bed rotting,14,71.2
bed rotting,15,81.4
bed rotting,16,82.1
bed rotting,17,75.2
bed rotting,18,72.1
bed rotting,19,77.1
bed rotting,20,78.4
bed rotting,21,79.6
bed rotting,22,74.3
bed rotting,23,70.0
bed rotting,24,66.9
bed rotting,25,68.1
bed rotting,26,65.8
bed rotting,27,62.6
bed rotting,28,70.9
bed rotting,29,69.6
bed rotting,30,67.5
bed rotting,31,61.5
bed rotting,32,67.4
bed rotting,33,67.6
bed rotting,34,68.1
bed rotting,35,71.8
bed rotting,36,71.5
bed rotting,37,73.3
bed rotting,38,74.5
bed rotting,39,75.1
bed rotting,40,70.0
bed rotting,41,76.6
bed rotting,42,75.5
bed rotting,43,73.7
bed rotting,44,82.7
bed rotting,45,82.6
bed rotting,46,80.9
bed rotting,47,76.7
bed rotting,48,78.8
bed rotting,49,73.4
bed rotting,50,72.5
bed rotting,51,67.0
bed rotting,52,69.9
bed rotting,53,67.4
bed rotting,54,62.0
bed rotting,55,64.6
bed rotting,56,63.7
bed rotting,57,68.8
bed rotting,58,65.9
bed rotting,59,63.5
bed rotting,60,64.7
bed rotting,61,65.0
bed rotting,62,65.3
bed rotting,63,64.0
bed rotting,64,68.3
bed rotting,65,68.0
bed rotting,66,68.0
bed rotting,67,74.7
bed rotting,68,75.6
bed rotting,69,70.2
bed rotting,70,75.9
bed rotting,71,79.7
bed rotting,72,80.0
bed rotting,73,79.7
bed rotting,74,76.1
bed rotting,75,72.6
bed rotting,76,70.7
bed rotting,77,73.6
bed rotting,78,72.2
bed rotting,79,73.3
bed rotting,80,71.2
bed rotting,81,66.0
bed rotting,82,61.3
bed rotting,83,63.0
bed rotting,84,63.7
bed rotting,85,62.0
bed rotting,86,60.7
bed rotting,87,63.4
bed rotting,88,61.6
bed rotting,89,62.1
bed rotting,90,66.0
bed rotting,91,65.2
bed rotting,92,68.6
bed rotting,93,70.2
bed rotting,94,67.5
bed rotting,95,70.9
bed rotting,96,77.9
bed rotting,97,71.2
bed rotting,98,69.1
bed rotting,99,70.3
bed rotting,100,76.1
bed rotting,101,75.8
bed rotting,102,74.8
bed rotting,103,77.9
bed rotting,104,65.1
bed rotting,105,72.9
bed rotting,106,74.9
bed rotting,107,65.2
bed rotting,108,65.9
bed rotting,109,63.3
bed rotting,110,61.5
bed rotting,111,62.1
bed rotting,112,66.5
bed rotting,113,67.3
bed rotting,114,60.6
bed rotting,115,67.5
bed rotting,116,62.4
bed rotting,117,68.4
bed rotting,118,64.0
bed rotting,119,66.0
bed rotting,120,68.1
bed rotting,121,78.1
bed rotting,122,72.6
bed rotting,123,69.4
bed rotting,124,75.7
bed rotting,125,72.8
bed rotting,126,73.1
bed rotting,127,77.8
bed rotting,128,75.3
bed rotting,129,75.7
bed rotting,130,74.4
bed rotting,131,74.4
bed rotting,132,73.5
bed rotting,133,65.1
bed rotting,134,71.4
bed rotting,135,64.8
bed rotting,136,61.8
bed rotting,137,64.5
bed rotting,138,63.6
bed rotting,139,60.2
bed rotting,140,63.9
bed rotting,141,56.9
bed rotting,142,59.5
bed rotting,143,59.2
bed rotting,144,61.3
bed rotting,145,63.1
bed rotting,146,60.4
bed rotting,147,66.9
bed rotting,148,66.4
bed rotting,149,62.0
bed rotting,150,63.4
bed rotting,151,70.6
bed rotting,152,71.3
bed rotting,153,72.7
bed rotting,154,73.7
bed rotting,155,74.9
bed rotting,156,77.2
bed rotting,157,70.7
bed rotting,158,70.0
bed rotting,159,69.3
bed rotting,160,72.3
bed rotting,161,73.8
bed rotting,162,67.2
bed rotting,163,59.4
bed rotting,164,60.2
bed rotting,165,61.3
bed rotting,166,60.8
bed rotting,167,60.2
bed rotting,168,60.7
bed rotting,169,59.1
bed rotting,170,63.1
bed rotting,171,58.1
bed rotting,172,58.0
bed rotting,173,62.9
bed rotting,174,58.0
bed rotting,175,65.1
bed rotting,176,65.7
bed rotting,177,66.4
bed rotting,178,73.2
bed rotting,179,68.0
brain rot,0,36.2
brain rot,1,34.2
brain rot,2,38.1
brain rot,3,35.5
brain rot,4,36.5
brain rot,5,39.3
brain rot,6,39.4
brain rot,7,36.0
brain rot,8,39.4
brain rot,9,39.1
brain rot,10,39.0
brain rot,11,36.0
brain rot,12,37.3
brain rot,13,28.4
brain rot,14,31.7
brain rot,15,29.9
brain rot,16,32.0
brain rot,17,30.1
brain rot,18,31.2
brain rot,19,36.6
brain rot,20,31.9
brain rot,21,34.0
brain rot,22,33.2
brain rot,23,34.8
brain rot,24,35.6
brain rot,25,37.7
brain rot,26,40.5
brain rot,27,42.6
brain rot,28,40.0
brain rot,29,41.4
brain rot,30,37.6
brain rot,31,40.5
brain rot,32,43.2
brain rot,33,42.9
brain rot,34,41.0
brain rot,35,42.3
brain rot,36,40.7
brain rot,37,41.8
brain rot,38,38.7
brain rot,39,36.3
brain rot,40,37.2
brain rot,41,28.3
brain rot,42,36.0
brain rot,43,25.4
brain rot,44,29.9
brain rot,45,35.2
brain rot,46,35.3
brain rot,47,31.5
brain rot,48,33.1
brain rot,49,38.9
brain rot,50,35.1
brain rot,51,42.8
brain rot,52,38.1
brain rot,53,40.1
brain rot,54,44.1
brain rot,55,41.3
brain rot,56,39.3
brain rot,57,42.2
brain rot,58,42.9
brain rot,59,39.9
brain rot,60,42.7
brain rot,61,41.4
brain rot,62,45.3
brain rot,63,42.7
brain rot,64,41.3
brain rot,65,41.0
brain rot,66,41.1
brain rot,67,41.2
brain rot,68,36.4
brain rot,69,35.6
brain rot,70,40.3
brain rot,71,36.0
brain rot,72,33.2
brain rot,73,37.7
brain rot,74,37.8
brain rot,75,33.1
brain rot,76,38.0
brain rot,77,39.9
brain rot,78,39.7
brain rot,79,41.3
brain rot,80,37.1
brain rot,81,42.5
brain rot,82,41.8
brain rot,83,42.3
brain rot,84,46.5
brain rot,85,48.7
brain rot,86,50.0
brain rot,87,49.1
brain rot,88,45.6
brain rot,89,46.7
brain rot,90,47.5
brain rot,91,45.4
brain rot,92,44.8
brain rot,93,45.9
brain rot,94,42.9
brain rot,95,40.4
brain rot,96,40.4
brain rot,97,42.3
brain rot,98,40.1
brain rot,99,40.4
brain rot,100,40.9
brain rot,101,38.2
brain rot,102,41.1
brain rot,103,40.4
brain rot,104,36.8
brain rot,105,44.2
brain rot,106,40.1
brain rot,107,38.1
brain rot,108,40.5
brain rot,109,41.6
brain rot,110,45.2
brain rot,111,45.3
brain rot,112,46.0
brain rot,113,49.0
brain rot,114,48.8
brain rot,115,49.1
brain rot,116,49.5
brain rot,117,49.9
brain rot,118,42.8
brain rot,119,46.7
brain rot,120,41.6
brain rot,121,46.4
brain rot,122,45.5
brain rot,123,47.3
brain rot,124,46.9
brain rot,125,43.7
brain rot,126,41.3
brain rot,127,43.3
brain rot,128,40.5
brain rot,129,41.6
brain rot,130,44.2
brain rot,131,40.6
brain rot,132,44.4
brain rot,133,44.8
brain rot,134,41.5
brain rot,135,47.2
brain rot,136,47.4
brain rot,137,46.9
brain rot,138,45.7
brain rot,139,46.4
brain rot,140,48.0
brain rot,141,51.4
brain rot,142,48.1
brain rot,143,51.9
brain rot,144,47.8
brain rot,145,50.4
brain rot,146,50.9
brain rot,147,56.2
brain rot,148,46.1
brain rot,149,52.5
brain rot,150,48.4
brain rot,151,48.3
brain rot,152,46.8
brain rot,153,46.8
brain rot,154,44.7
brain rot,155,48.3
brain rot,156,43.2
brain rot,157,47.0
brain rot,158,42.6
brain rot,159,44.3
brain rot,160,42.3
brain rot,161,46.7
brain rot,162,50.0
brain rot,163,47.1
brain rot,164,47.7
brain rot,165,46.4
brain rot,166,49.6
brain rot,167,47.1
brain rot,168,49.6
brain rot,169,53.1
brain rot,170,56.3
brain rot,171,60.4
brain rot,172,52.0
brain rot,173,57.0
brain rot,174,53.7
brain rot,175,52.3
brain rot,176,53.1
brain rot,177,51.5
brain rot,178,50.9
brain rot,179,48.8
quiet quitting,0,46.6
quiet quitting,1,53.9
quiet quitting,2,51.6
quiet quitting,3,50.9
quiet quitting,4,52.8
quiet quitting,5,54.9
quiet quitting,6,52.6
quiet quitting,7,49.4
quiet quitting,8,54.2
quiet quitting,9,54.2
quiet quitting,10,49.9
quiet quitting,11,50.1
quiet quitting,12,49.8
quiet quitting,13,48.3
quiet quitting,14,45.8
quiet quitting,15,44.9
quiet quitting,16,44.0
quiet quitting,17,38.8
quiet quitting,18,44.0
quiet quitting,19,38.0
quiet quitting,20,40.0
quiet quitting,21,46.8
quiet quitting,22,46.2
quiet quitting,23,49.0
quiet quitting,24,44.8
quiet quitting,25,43.2
quiet quitting,26,47.0
quiet quitting,27,49.0
quiet quitting,28,49.8
quiet quitting,29,53.7
quiet quitting,30,49.7
quiet quitting,31,52.1
quiet quitting,32,48.1
quiet quitting,33,52.2
quiet quitting,34,50.4
quiet quitting,35,47.5
quiet quitting,36,48.1
quiet quitting,37,47.3
quiet quitting,38,45.9
quiet quitting,39,50.8
quiet quitting,40,44.1
quiet quitting,41,42.5
quiet quitting,42,36.0
quiet quitting,43,38.7
quiet quitting,44,40.0
quiet quitting,45,38.3
quiet quitting,46,44.4
quiet quitting,47,39.8
quiet quitting,48,44.5
quiet quitting,49,41.4
quiet quitting,50,42.1
quiet quitting,51,42.6
quiet quitting,52,43.9
quiet quitting,53,50.1
quiet quitting,54,39.1
quiet quitting,55,41.0
quiet quitting,56,46.2
quiet quitting,57,48.6
quiet quitting,58,51.2
quiet quitting,59,50.8
quiet quitting,60,48.2
quiet quitting,61,52.2
quiet quitting,62,51.8
quiet quitting,63,48.6
quiet quitting,64,50.1
quiet quitting,65,47.0
quiet quitting,66,43.3
quiet quitting,67,45.9
quiet quitting,68,43.0
quiet quitting,69,41.6
quiet quitting,70,45.0
quiet quitting,71,32.4
quiet quitting,72,34.9
quiet quitting,73,35.2
quiet quitting,74,37.5
quiet quitting,75,37.9
quiet quitting,76,34.5
quiet quitting,77,36.6
quiet quitting,78,37.7
quiet quitting,79,48.6
quiet quitting,80,47.6
quiet quitting,81,42.1
quiet quitting,82,43.2
quiet quitting,83,41.9
quiet quitting,84,40.5
quiet quitting,85,46.5
quiet quitting,86,44.4
quiet quitting,87,47.4
quiet quitting,88,42.9
quiet quitting,89,45.2
quiet quitting,90,47.5
quiet quitting,91,47.5
quiet quitting,92,46.7
quiet quitting,93,40.5
quiet quitting,94,45.9
quiet quitting,95,39.8
quiet quitting,96,42.9
quiet quitting,97,39.8
quiet quitting,98,34.8
quiet quitting,99,37.1
quiet quitting,100,38.5
quiet quitting,101,38.9
quiet quitting,102,36.5
quiet quitting,103,41.6
quiet quitting,104,40.3
quiet quitting,105,37.1
quiet quitting,106,40.9
quiet quitting,107,45.3
quiet quitting,108,46.4
quiet quitting,109,37.9
quiet quitting,110,39.9
quiet quitting,111,48.1
quiet quitting,112,41.3
quiet quitting,113,41.3
quiet quitting,114,44.3
quiet quitting,115,47.3
quiet quitting,116,45.7
quiet quitting,117,43.9
quiet quitting,118,43.3
quiet quitting,119,42.5
quiet quitting,120,41.2
quiet quitting,121,49.6
quiet quitting,122,42.5
quiet quitting,123,43.1
quiet quitting,124,37.8
quiet quitting,125,37.6
quiet quitting,126,35.1
quiet quitting,127,28.4
quiet quitting,128,31.6
quiet quitting,129,29.9
quiet quitting,130,28.5
quiet quitting,131,31.7
quiet quitting,132,39.6
quiet quitting,133,36.1
quiet quitting,134,40.8
quiet quitting,135,39.1
quiet quitting,136,41.2
quiet quitting,137,37.2
quiet quitting,138,42.5
quiet quitting,139,44.1
quiet quitting,140,41.1
quiet quitting,141,45.2
quiet quitting,142,45.7
quiet quitting,143,42.7
quiet quitting,144,41.0
quiet quitting,145,40.6
quiet quitting,146,43.9
quiet quitting,147,44.0
quiet quitting,148,39.7
quiet quitting,149,41.2
quiet quitting,150,41.7
quiet quitting,151,40.6
quiet quitting,152,42.3
quiet quitting,153,40.4
quiet quitting,154,32.5
quiet quitting,155,39.8
quiet quitting,156,32.5
quiet quitting,157,36.8
quiet quitting,158,33.7
quiet quitting,159,32.4
quiet quitting,160,28.5
quiet quitting,161,34.0
quiet quitting,162,30.6
quiet quitting,163,39.1
quiet quitting,164,41.7
quiet quitting,165,35.9
quiet quitting,166,40.2
quiet quitting,167,38.1
quiet quitting,168,39.3
quiet quitting,169,44.2
quiet quitting,170,42.3
quiet quitting,171,47.9
quiet quitting,172,41.2
quiet quitting,173,45.5
quiet quitting,174,42.3
quiet quitting,175,43.7
quiet quitting,176,39.1
quiet quitting,177,39.3
quiet quitting,178,37.9
quiet quitting,179,34.6
main character syndrome,0,25.9
main character syndrome,1,26.6
main character syndrome,2,29.8
main character syndrome,3,30.5
main character syndrome,4,26.8
main character syndrome,5,29.5
main character syndrome,6,27.7
main character syndrome,7,29.8
main character syndrome,8,28.6
main character syndrome,9,34.2
main character syndrome,10,31.0
main character syndrome,11,29.3
main character syndrome,12,32.4
main character syndrome,13,23.4
main character syndrome,14,23.0
main character syndrome,15,29.2
main character syndrome,16,26.5
main character syndrome,17,26.1
main character syndrome,18,21.3
main character syndrome,19,23.9
main character syndrome,20,28.3
main character syndrome,21,24.9
main character syndrome,22,23.0
main character syndrome,23,21.4
main character syndrome,24,21.6
main character syndrome,25,17.6
main character syndrome,26,24.0
main character syndrome,27,26.1
main character syndrome,28,20.9
main character syndrome,29,24.0
main character syndrome,30,23.7
main character syndrome,31,25.1
main character syndrome,32,28.5
main character syndrome,33,23.9
main character syndrome,34,31.3
main character syndrome,35,32.2
main character syndrome,36,30.0
main character syndrome,37,24.5
main character syndrome,38,28.2
main character syndrome,39,33.5
main character syndrome,40,23.0
main character syndrome,41,28.5
main character syndrome,42,25.7
main character syndrome,43,29.8
main character syndrome,44,25.2
main character syndrome,45,27.1
main character syndrome,46,26.6
main character syndrome,47,29.1
main character syndrome,48,23.3
main character syndrome,49,24.3
main character syndrome,50,19.4
main character syndrome,51,26.0
main character syndrome,52,21.2
main character syndrome,53,22.0
main character syndrome,54,23.9
main character syndrome,55,20.7
main character syndrome,56,25.9
main character syndrome,57,28.6
main character syndrome,58,27.9
main character syndrome,59,24.1
main character syndrome,60,28.6
main character syndrome,61,31.5
main character syndrome,62,25.6
main character syndrome,63,28.2
main character syndrome,64,33.4
main character syndrome,65,32.0
main character syndrome,66,32.3
main character syndrome,67,35.6
main character syndrome,68,31.7
main character syndrome,69,31.5
main character syndrome,70,35.9
main character syndrome,71,27.8
main character syndrome,72,25.5
main character syndrome,73,27.7
main character syndrome,74,26.9
main character syndrome,75,23.7
main character syndrome,76,21.8
main character syndrome,77,29.7
main character syndrome,78,24.5
main character syndrome,79,21.7
main character syndrome,80,26.0
main character syndrome,81,23.7
main character syndrome,82,23.9
main character syndrome,83,26.5
main character syndrome,84,22.7
main character syndrome,85,27.7
main character syndrome,86,32.5
main character syndrome,87,29.8
main character syndrome,88,28.5
main character syndrome,89,29.0
main character syndrome,90,29.9
main character syndrome,91,30.8
main character syndrome,92,30.8
main character syndrome,93,34.2
main character syndrome,94,27.5
main character syndrome,95,33.7
main character syndrome,96,30.1
main character syndrome,97,31.4
main character syndrome,98,26.9
main character syndrome,99,32.2
main character syndrome,100,31.2
main character syndrome,101,29.6
main character syndrome,102,22.6
main character syndrome,103,27.7
main character syndrome,104,26.0
main character syndrome,105,20.5
main character syndrome,106,24.2
main character syndrome,107,25.1
main character syndrome,108,25.6
main character syndrome,109,25.0
main character syndrome,110,25.8
main character syndrome,111,29.4
main character syndrome,112,29.5
main character syndrome,113,20.2
main character syndrome,114,27.4
main character syndrome,115,28.7
main character syndrome,116,25.6
main character syndrome,117,31.0
main character syndrome,118,34.6
main character syndrome,119,29.3
main character syndrome,120,33.1
main character syndrome,121,30.1
main character syndrome,122,30.7
main character syndrome,123,35.8
main character syndrome,124,30.3
main character syndrome,125,32.2
main character syndrome,126,25.6
main character syndrome,127,34.1
main character syndrome,128,30.1
main character syndrome,129,27.3
main character syndrome,130,28.3
main character syndrome,131,22.6
main character syndrome,132,28.5
main character syndrome,133,24.3
main character syndrome,134,24.3
main character syndrome,135,23.5
main character syndrome,136,23.4
main character syndrome,137,26.9
main character syndrome,138,26.2
main character syndrome,139,27.9
main character syndrome,140,27.0
main character syndrome,141,29.2
main character syndrome,142,27.8
main character syndrome,143,35.3
main character syndrome,144,26.7
main character syndrome,145,34.5
main character syndrome,146,35.4
main character syndrome,147,30.4
main character syndrome,148,38.4
main character syndrome,149,35.5
main character syndrome,150,35.3
main character syndrome,151,32.7
main character syndrome,152,31.6
main character syndrome,153,31.1
main character syndrome,154,31.8
main character syndrome,155,33.5
main character syndrome,156,29.6
main character syndrome,157,26.0
main character syndrome,158,29.5
main character syndrome,159,29.0
main character syndrome,160,27.7
main character syndrome,161,27.5
main character syndrome,162,24.7
main character syndrome,163,22.9
main character syndrome,164,23.2
main character syndrome,165,21.6
main character syndrome,166,26.8
main character syndrome,167,26.6
main character syndrome,168,26.5
main character syndrome,169,21.1
main character syndrome,170,26.2
main character syndrome,171,33.1
main character syndrome,172,29.5
main character syndrome,173,32.8
main character syndrome,174,29.1
main character syndrome,175,36.7
main character syndrome,176,33.1
main character syndrome,177,34.3
main character syndrome,178,39.3
main character syndrome,179,37.0
hikikomori,0,12.6
hikikomori,1,13.5
hikikomori,2,15.6
hikikomori,3,14.9
hikikomori,4,14.7
hikikomori,5,18.9
hikikomori,6,16.1
hikikomori,7,21.3
hikikomori,8,17.1
hikikomori,9,20.6
hikikomori,10,17.8
hikikomori,11,19.0
hikikomori,12,15.5
hikikomori,13,15.0
hikikomori,14,17.3
hikikomori,15,18.0
hikikomori,16,15.6
hikikomori,17,12.6
hikikomori,18,12.0
hikikomori,19,11.4
hikikomori,20,10.4
hikikomori,21,13.8
hikikomori,22,15.6
hikikomori,23,13.2
hikikomori,24,8.7
hikikomori,25,12.9
hikikomori,26,13.2
hikikomori,27,17.9
hikikomori,28,11.2
hikikomori,29,13.7
hikikomori,30,18.3
hikikomori,31,16.3
hikikomori,32,16.9
hikikomori,33,16.5
hikikomori,34,17.3
hikikomori,35,18.5
hikikomori,36,15.6
hikikomori,37,19.1
hikikomori,38,14.6
hikikomori,39,18.0
hikikomori,40,17.5
hikikomori,41,15.7
hikikomori,42,16.6
hikikomori,43,15.0
hikikomori,44,13.7
hikikomori,45,14.7
hikikomori,46,12.8
hikikomori,47,15.2
hikikomori,48,11.9
hikikomori,49,15.3
hikikomori,50,11.3
hikikomori,51,12.4
hikikomori,52,12.3
hikikomori,53,16.2
hikikomori,54,14.4
hikikomori,55,13.6
hikikomori,56,15.3
hikikomori,57,10.5
hikikomori,58,15.1
hikikomori,59,19.6
hikikomori,60,16.4
hikikomori,61,16.7
hikikomori,62,18.0
hikikomori,63,19.0
hikikomori,64,13.5
hikikomori,65,14.2
hikikomori,66,18.1
hikikomori,67,16.2
hikikomori,68,20.1
hikikomori,69,16.6
hikikomori,70,13.0
hikikomori,71,14.0
hikikomori,72,10.6
hikikomori,73,15.2
hikikomori,74,14.9
hikikomori,75,14.0
hikikomori,76,16.6
hikikomori,77,16.6
hikikomori,78,13.6
hikikomori,79,9.6
hikikomori,80,15.0
hikikomori,81,15.0
hikikomori,82,14.7
hikikomori,83,16.3
hikikomori,84,12.3
hikikomori,85,19.0
hikikomori,86,13.5
hikikomori,87,17.4
hikikomori,88,13.0
hikikomori,89,14.9
hikikomori,90,20.2
hikikomori,91,17.0
hikikomori,92,19.4
hikikomori,93,18.4
hikikomori,94,17.7
hikikomori,95,20.6
hikikomori,96,17.3
hikikomori,97,13.9
hikikomori,98,15.6
hikikomori,99,17.9
hikikomori,100,17.2
hikikomori,101,12.8
hikikomori,102,14.1
hikikomori,103,14.0
hikikomori,104,14.0
hikikomori,105,11.7
hikikomori,106,13.0
hikikomori,107,12.7
hikikomori,108,15.6
hikikomori,109,15.8
hikikomori,110,14.0
hikikomori,111,13.8
hikikomori,112,15.2
hikikomori,113,13.7
hikikomori,114,13.4
hikikomori,115,14.3
hikikomori,116,15.4
hikikomori,117,14.7
hikikomori,118,17.8
hikikomori,119,19.2
hikikomori,120,14.8
hikikomori,121,18.2
hikikomori,122,17.8
hikikomori,123,18.9
hikikomori,124,18.0
hikikomori,125,14.9
hikikomori,126,14.9
hikikomori,127,17.2
hikikomori,128,18.7
hikikomori,129,11.8
hikikomori,130,16.5
hikikomori,131,17.8
hikikomori,132,14.7
hikikomori,133,15.8
hikikomori,134,13.1
hikikomori,135,14.2
hikikomori,136,11.1
hikikomori,137,9.7
hikikomori,138,16.5
hikikomori,139,12.9
hikikomori,140,14.3
hikikomori,141,12.8
hikikomori,142,13.2
hikikomori,143,16.1
hikikomori,144,15.5
hikikomori,145,18.1
hikikomori,146,18.6
hikikomori,147,18.7
hikikomori,148,18.8
hikikomori,149,21.6
hikikomori,150,16.4
hikikomori,151,18.3
hikikomori,152,20.6
hikikomori,153,20.6
hikikomori,154,14.9
hikikomori,155,16.8
hikikomori,156,19.7
hikikomori,157,17.5
hikikomori,158,16.5
hikikomori,159,15.2
hikikomori,160,14.6
hikikomori,161,15.6
hikikomori,162,14.3
hikikomori,163,14.6
hikikomori,164,14.8
hikikomori,165,13.4
hikikomori,166,15.9
hikikomori,167,21.0
hikikomori,168,11.9
hikikomori,169,16.5
hikikomori,170,14.8
hikikomori,171,17.9
hikikomori,172,17.3
hikikomori,173,19.2
hikikomori,174,20.4
hikikomori,175,18.7
hikikomori,176,20.8
hikikomori,177,14.0
hikikomori,178,22.0
hikikomori,179,19.5
phone anxiety,0,26.9
phone anxiety,1,28.6
phone anxiety,2,31.9
phone anxiety,3,32.4
phone anxiety,4,34.1
phone anxiety,5,37.1
phone anxiety,6,30.5
phone anxiety,7,38.4
phone anxiety,8,36.5
phone anxiety,9,36.4
phone anxiety,10,33.4
phone anxiety,11,38.6
phone anxiety,12,30.9
phone anxiety,13,38.6
phone anxiety,14,32.5
phone anxiety,15,35.9
phone anxiety,16,34.7
phone anxiety,17,37.2
phone anxiety,18,32.8
phone anxiety,19,30.6
phone anxiety,20,30.3
phone anxiety,21,34.3
phone anxiety,22,31.8
phone anxiety,23,29.0
phone anxiety,24,29.2
phone anxiety,25,25.7
phone anxiety,26,31.0
phone anxiety,27,25.7
phone anxiety,28,32.8
phone anxiety,29,31.9
phone anxiety,30,38.6
phone anxiety,31,30.4
phone anxiety,32,33.9
phone anxiety,33,39.8
phone anxiety,34,39.1
phone anxiety,35,34.9
phone anxiety,36,37.9
phone anxiety,37,37.8
phone anxiety,38,38.8
phone anxiety,39,36.3
phone anxiety,40,37.8
phone anxiety,41,33.6
phone anxiety,42,37.6
phone anxiety,43,37.8
phone anxiety,44,35.2
phone anxiety,45,30.8
phone anxiety,46,36.7
phone anxiety,47,34.2
phone anxiety,48,30.6
phone anxiety,49,31.1
phone anxiety,50,27.3
phone anxiety,51,28.2
phone anxiety,52,29.2
phone anxiety,53,33.8
phone anxiety,54,29.1
phone anxiety,55,32.8
phone anxiety,56,30.3
phone anxiety,57,33.1
phone anxiety,58,32.9
phone anxiety,59,36.4
phone anxiety,60,33.7
phone anxiety,61,31.9
phone anxiety,62,33.2
phone anxiety,63,36.2
phone anxiety,64,34.9
phone anxiety,65,39.7
phone anxiety,66,37.7
phone anxiety,67,45.2
phone anxiety,68,34.4
phone anxiety,69,39.1
phone anxiety,70,35.1
phone anxiety,71,36.1
phone anxiety,72,37.0
phone anxiety,73,29.8
phone anxiety,74,35.6
phone anxiety,75,39.1
phone anxiety,76,32.1
phone anxiety,77,33.3
phone anxiety,78,34.7
phone anxiety,79,31.2
phone anxiety,80,29.9
phone anxiety,81,25.5
phone anxiety,82,33.3
phone anxiety,83,31.7
phone anxiety,84,29.9
phone anxiety,85,33.6
phone anxiety,86,32.6
phone anxiety,87,33.6
phone anxiety,88,37.5
phone anxiety,89,33.3
phone anxiety,90,40.4
phone anxiety,91,34.8
phone anxiety,92,37.3
phone anxiety,93,44.5
phone anxiety,94,42.7
phone anxiety,95,40.1
phone anxiety,96,37.3
phone anxiety,97,38.0
phone anxiety,98,39.1
phone anxiety,99,38.4
phone anxiety,100,37.3
phone anxiety,101,36.6
phone anxiety,102,35.3
phone anxiety,103,31.2
phone anxiety,104,32.8
phone anxiety,105,35.8
phone anxiety,106,29.3
phone anxiety,107,32.0
phone anxiety,108,30.2
phone anxiety,109,32.6
phone anxiety,110,31.5
phone anxiety,111,36.7
phone anxiety,112,34.7
phone anxiety,113,30.7
phone anxiety,114,36.7
phone anxiety,115,33.8
phone anxiety,116,35.2
phone anxiety,117,38.5
phone anxiety,118,37.2
phone anxiety,119,41.6
phone anxiety,120,37.9
phone anxiety,121,38.7
phone anxiety,122,38.9
phone anxiety,123,39.2
phone anxiety,124,43.4
phone anxiety,125,41.9
phone anxiety,126,44.2
phone anxiety,127,45.0
phone anxiety,128,35.7
phone anxiety,129,37.7
phone anxiety,130,33.6
phone anxiety,131,33.8
phone anxiety,132,33.4
phone anxiety,133,31.6
phone anxiety,134,31.0
phone anxiety,135,33.0
phone anxiety,136,30.0
phone anxiety,137,35.3
phone anxiety,138,30.9
phone anxiety,139,41.0
phone anxiety,140,33.1
phone anxiety,141,35.1
phone anxiety,142,32.4
phone anxiety,143,41.1
phone anxiety,144,40.5
phone anxiety,145,39.3
phone anxiety,146,35.8
phone anxiety,147,40.6
phone anxiety,148,37.8
phone anxiety,149,45.0
phone anxiety,150,43.6
phone anxiety,151,41.8
phone anxiety,152,35.1
phone anxiety,153,38.5
phone anxiety,154,42.4
phone anxiety,155,43.1
phone anxiety,156,42.1
phone anxiety,157,34.2
phone anxiety,158,38.3
phone anxiety,159,39.3
phone anxiety,160,31.5
phone anxiety,161,35.1
phone anxiety,162,35.3
phone anxiety,163,33.4
phone anxiety,164,29.2
phone anxiety,165,33.1
phone anxiety,166,33.3
phone anxiety,167,34.1
phone anxiety,168,33.6
phone anxiety,169,34.6
phone anxiety,170,36.5
phone anxiety,171,38.6
phone anxiety,172,37.6
phone anxiety,173,38.3
phone anxiety,174,40.4
phone anxiety,175,35.9
phone anxiety,176,42.8
phone anxiety,177,42.0
phone anxiety,178,42.4
phone anxiety,179,44.9
